{
  "class_name": "actor_id",
  "n_samples": 1440,
  "n_dims": 2048,
  "n_classes": 24,
  "cv_type": "StratifiedKFold",
  "group_cv": false,
  "acc_mean": 0.8305555555555555,
  "acc_std": 0.024883990093290162,
  "acc_cv_pred": 0.8305555555555556,
  "precision_macro": 0.8308763278934966,
  "recall_macro": 0.8305555555555554,
  "f1_macro": 0.8296816058415644,
  "confusion_matrix": [
    [
      40,
      0,
      4,
      1,
      1,
      0,
      1,
      0,
      0,
      0,
      1,
      1,
      2,
      0,
      0,
      2,
      0,
      1,
      2,
      1,
      0,
      0,
      3,
      0
    ],
    [
      0,
      58,
      0,
      1,
      0,
      0,
      0,
      0,
      0,
      0,
      0,
      0,
      0,
      0,
      0,
      0,
      0,
      0,
      0,
      0,
      0,
      0,
      0,
      1
    ],
    [
      1,
      0,
      48,
      0,
      0,
      1,
      3,
      0,
      0,
      1,
      0,
      2,
      0,
      0,
      0,
      1,
      1,
      0,
      1,
      0,
      1,
      0,
      0,
      0
    ],
    [
      0,
      1,
      0,
      45,
      1,
      1,
      1,
      1,
      0,
      1,
      0,
      2,
      1,
      1,
      0,
      2,
      0,
      0,
      0,
      2,
      0,
      1,
      0,
      0
    ],
    [
      0,
      0,
      3,
      0,
      45,
      0,
      2,
      1,
      2,
      1,
      3,
      0,
      0,
      0,
      0,
      0,
      1,
      0,
      0,
      1,
      0,
      0,
      1,
      0
    ],
    [
      0,
      1,
      2,
      0,
      1,
      46,
      0,
      0,
      1,
      0,
      0,
      1,
      0,
      2,
      0,
      1,
      0,
      1,
      1,
      2,
      0,
      0,
      0,
      1
    ],
    [
      0,
      0,
      0,
      0,
      2,
      1,
      44,
      0,
      1,
      0,
      1,
      1,
      2,
      0,
      0,
      0,
      0,
      0,
      5,
      0,
      1,
      2,
      0,
      0
    ],
    [
      0,
      0,
      0,
      2,
      0,
      1,
      0,
      54,
      0,
      2,
      0,
      1,
      0,
      0,
      0,
      0,
      0,
      0,
      0,
      0,
      0,
      0,
      0,
      0
    ],
    [
      0,
      0,
      1,
      0,
      1,
      0,
      0,
      0,
      55,
      0,
      0,
      0,
      1,
      0,
      0,
      0,
      0,
      0,
      0,
      1,
      0,
      1,
      0,
      0
    ],
    [
      1,
      0,
      1,
      0,
      1,
      0,
      2,
      1,
      0,
      48,
      2,
      0,
      0,
      1,
      0,
      0,
      2,
      1,
      0,
      0,
      0,
      0,
      0,
      0
    ],
    [
      1,
      0,
      0,
      0,
      1,
      0,
      0,
      0,
      0,
      0,
      50,
      1,
      1,
      0,
      1,
      0,
      0,
      0,
      3,
      0,
      0,
      2,
      0,
      0
    ],
    [
      0,
      0,
      0,
      1,
      0,
      2,
      0,
      0,
      0,
      0,
      1,
      51,
      1,
      0,
      0,
      0,
      1,
      1,
      0,
      0,
      0,
      1,
      0,
      1
    ],
    [
      0,
      0,
      0,
      0,
      2,
      1,
      1,
      0,
      1,
      1,
      3,
      0,
      48,
      0,
      0,
      1,
      0,
      0,
      2,
      0,
      0,
      0,
      0,
      0
    ],
    [
      1,
      3,
      0,
      3,
      0,
      0,
      0,
      0,
      0,
      1,
      0,
      0,
      1,
      45,
      0,
      1,
      0,
      1,
      0,
      3,
      0,
      0,
      0,
      1
    ],
    [
      0,
      0,
      2,
      0,
      1,
      0,
      2,
      0,
      1,
      0,
      0,
      1,
      3,
      0,
      47,
      1,
      2,
      0,
      0,
      0,
      0,
      0,
      0,
      0
    ],
    [
      0,
      0,
      0,
      1,
      1,
      0,
      2,
      1,
      0,
      0,
      0,
      0,
      0,
      0,
      0,
      52,
      0,
      0,
      0,
      0,
      0,
      2,
      0,
      1
    ],
    [
      0,
      0,
      1,
      0,
      2,
      0,
      0,
      0,
      0,
      0,
      0,
      1,
      0,
      0,
      2,
      0,
      53,
      0,
      1,
      0,
      0,
      0,
      0,
      0
    ],
    [
      1,
      0,
      0,
      2,
      0,
      1,
      0,
      0,
      0,
      0,
      0,
      0,
      0,
      1,
      0,
      0,
      0,
      54,
      0,
      1,
      0,
      0,
      0,
      0
    ],
    [
      1,
      0,
      1,
      0,
      0,
      0,
      2,
      0,
      1,
      2,
      2,
      0,
      2,
      0,
      2,
      0,
      1,
      0,
      43,
      2,
      0,
      1,
      0,
      0
    ],
    [
      1,
      1,
      0,
      1,
      0,
      2,
      0,
      0,
      0,
      0,
      0,
      0,
      1,
      5,
      0,
      1,
      0,
      1,
      0,
      46,
      0,
      0,
      0,
      1
    ],
    [
      0,
      0,
      0,
      0,
      0,
      0,
      0,
      0,
      0,
      0,
      0,
      0,
      0,
      0,
      0,
      0,
      0,
      0,
      0,
      0,
      60,
      0,
      0,
      0
    ],
    [
      0,
      0,
      0,
      0,
      0,
      0,
      1,
      1,
      0,
      0,
      1,
      1,
      0,
      0,
      0,
      0,
      0,
      1,
      0,
      0,
      0,
      55,
      0,
      0
    ],
    [
      0,
      0,
      0,
      0,
      0,
      0,
      0,
      0,
      1,
      0,
      0,
      0,
      0,
      0,
      1,
      0,
      0,
      0,
      0,
      2,
      1,
      0,
      55,
      0
    ],
    [
      0,
      1,
      0,
      0,
      0,
      3,
      1,
      0,
      0,
      0,
      0,
      0,
      0,
      0,
      0,
      0,
      0,
      0,
      0,
      0,
      0,
      1,
      0,
      54
    ]
  ],
  "classification_report": "              precision    recall  f1-score   support\n\n        0001     0.8511    0.6667    0.7477        60\n        0002     0.8923    0.9667    0.9280        60\n        0003     0.7619    0.8000    0.7805        60\n        0004     0.7895    0.7500    0.7692        60\n        0005     0.7627    0.7500    0.7563        60\n        0006     0.7797    0.7667    0.7731        60\n        0007     0.7097    0.7333    0.7213        60\n        0008     0.9153    0.9000    0.9076        60\n        0009     0.8730    0.9167    0.8943        60\n        0010     0.8421    0.8000    0.8205        60\n        0011     0.7812    0.8333    0.8065        60\n        0012     0.8095    0.8500    0.8293        60\n        0013     0.7619    0.8000    0.7805        60\n        0014     0.8182    0.7500    0.7826        60\n        0015     0.8868    0.7833    0.8319        60\n        0016     0.8387    0.8667    0.8525        60\n        0017     0.8689    0.8833    0.8760        60\n        0018     0.8852    0.9000    0.8926        60\n        0019     0.7414    0.7167    0.7288        60\n        0020     0.7541    0.7667    0.7603        60\n        0021     0.9524    1.0000    0.9756        60\n        0022     0.8333    0.9167    0.8730        60\n        0023     0.9322    0.9167    0.9244        60\n        0024     0.9000    0.9000    0.9000        60\n\n    accuracy                         0.8306      1440\n   macro avg     0.8309    0.8306    0.8297      1440\nweighted avg     0.8309    0.8306    0.8297      1440\n",
  "C": 1.0,
  "max_iter": 5000,
  "seed": 42,
  "cv_folds_requested": 10
}