{
  "class_name": "emotion",
  "n_samples": 1440,
  "n_dims": 2048,
  "n_classes": 8,
  "cv_type": "GroupKFold",
  "group_cv": true,
  "acc_mean": 0.9222222222222222,
  "acc_std": 0.021045218805417577,
  "acc_cv_pred": 0.9215277777777777,
  "precision_macro": 0.9190223910441493,
  "recall_macro": 0.9166666666666667,
  "f1_macro": 0.917741817616066,
  "confusion_matrix": [
    [
      184,
      0,
      1,
      0,
      5,
      0,
      0,
      2
    ],
    [
      0,
      176,
      0,
      0,
      0,
      6,
      10,
      0
    ],
    [
      1,
      0,
      185,
      0,
      2,
      0,
      3,
      1
    ],
    [
      1,
      0,
      0,
      178,
      3,
      0,
      9,
      1
    ],
    [
      5,
      0,
      2,
      1,
      172,
      4,
      2,
      6
    ],
    [
      1,
      11,
      0,
      0,
      2,
      81,
      1,
      0
    ],
    [
      0,
      10,
      4,
      7,
      3,
      1,
      167,
      0
    ],
    [
      1,
      0,
      1,
      0,
      6,
      0,
      0,
      184
    ]
  ],
  "classification_report": "              precision    recall  f1-score   support\n\n       angry     0.9534    0.9583    0.9558       192\n        calm     0.8934    0.9167    0.9049       192\n     disgust     0.9585    0.9635    0.9610       192\n     fearful     0.9570    0.9271    0.9418       192\n       happy     0.8912    0.8958    0.8935       192\n     neutral     0.8804    0.8438    0.8617        96\n         sad     0.8698    0.8698    0.8698       192\n   surprised     0.9485    0.9583    0.9534       192\n\n    accuracy                         0.9215      1440\n   macro avg     0.9190    0.9167    0.9177      1440\nweighted avg     0.9216    0.9215    0.9215      1440\n",
  "C": 1.0,
  "max_iter": 5000,
  "seed": 42,
  "cv_folds_requested": 10
}