{
  "class_name": "speaker",
  "n_samples": 34994,
  "n_dims": 2048,
  "n_classes": 20,
  "cv_type": "StratifiedKFold",
  "group_cv": false,
  "acc_mean": 0.9600787245335403,
  "acc_std": 0.003173562555102859,
  "acc_cv_pred": 0.9600788706635424,
  "precision_macro": 0.9601217837358433,
  "recall_macro": 0.9600753931847968,
  "f1_macro": 0.9600890367958763,
  "confusion_matrix": [
    [
      1725,
      6,
      4,
      1,
      1,
      0,
      4,
      3,
      4,
      0,
      0,
      1,
      0,
      0,
      0,
      0,
      1,
      0,
      0,
      0
    ],
    [
      10,
      1717,
      5,
      1,
      3,
      0,
      10,
      1,
      0,
      0,
      0,
      0,
      0,
      1,
      0,
      0,
      0,
      1,
      1,
      0
    ],
    [
      8,
      8,
      1683,
      2,
      5,
      1,
      13,
      0,
      19,
      9,
      0,
      0,
      0,
      0,
      2,
      0,
      0,
      0,
      0,
      0
    ],
    [
      1,
      0,
      1,
      1708,
      5,
      14,
      1,
      13,
      1,
      6,
      0,
      0,
      0,
      0,
      0,
      0,
      0,
      0,
      0,
      0
    ],
    [
      0,
      2,
      3,
      3,
      1708,
      16,
      0,
      2,
      0,
      13,
      1,
      0,
      1,
      0,
      0,
      0,
      0,
      0,
      0,
      1
    ],
    [
      0,
      1,
      1,
      9,
      24,
      1684,
      2,
      3,
      1,
      22,
      1,
      0,
      0,
      0,
      0,
      0,
      0,
      0,
      1,
      1
    ],
    [
      7,
      0,
      10,
      2,
      0,
      2,
      1678,
      1,
      47,
      1,
      0,
      1,
      0,
      0,
      0,
      0,
      1,
      0,
      0,
      0
    ],
    [
      2,
      1,
      2,
      18,
      5,
      6,
      5,
      1703,
      1,
      4,
      1,
      0,
      0,
      0,
      0,
      1,
      0,
      1,
      0,
      0
    ],
    [
      2,
      1,
      24,
      1,
      1,
      3,
      39,
      0,
      1676,
      0,
      0,
      1,
      0,
      0,
      0,
      0,
      0,
      1,
      1,
      0
    ],
    [
      1,
      2,
      3,
      5,
      12,
      23,
      1,
      7,
      1,
      1691,
      1,
      0,
      0,
      1,
      0,
      0,
      0,
      0,
      0,
      2
    ],
    [
      0,
      0,
      0,
      0,
      1,
      1,
      0,
      0,
      0,
      0,
      1682,
      17,
      18,
      1,
      3,
      2,
      5,
      2,
      7,
      11
    ],
    [
      1,
      0,
      1,
      0,
      0,
      0,
      0,
      0,
      0,
      0,
      9,
      1659,
      6,
      9,
      7,
      16,
      10,
      6,
      24,
      2
    ],
    [
      0,
      0,
      0,
      0,
      0,
      0,
      0,
      0,
      0,
      0,
      10,
      7,
      1678,
      17,
      2,
      2,
      7,
      0,
      14,
      13
    ],
    [
      0,
      0,
      0,
      0,
      0,
      0,
      0,
      0,
      1,
      0,
      6,
      11,
      12,
      1671,
      7,
      11,
      3,
      5,
      12,
      11
    ],
    [
      1,
      0,
      0,
      0,
      0,
      0,
      0,
      0,
      0,
      0,
      0,
      11,
      3,
      3,
      1658,
      32,
      10,
      24,
      8,
      0
    ],
    [
      0,
      0,
      1,
      0,
      0,
      0,
      0,
      1,
      2,
      0,
      4,
      19,
      5,
      8,
      22,
      1609,
      17,
      37,
      22,
      3
    ],
    [
      0,
      0,
      1,
      0,
      0,
      0,
      0,
      0,
      0,
      0,
      2,
      9,
      7,
      1,
      7,
      19,
      1687,
      5,
      9,
      3
    ],
    [
      0,
      0,
      0,
      0,
      0,
      0,
      0,
      0,
      0,
      1,
      0,
      8,
      1,
      5,
      23,
      42,
      4,
      1639,
      21,
      0
    ],
    [
      1,
      1,
      0,
      0,
      0,
      1,
      1,
      0,
      0,
      0,
      3,
      22,
      10,
      14,
      11,
      21,
      9,
      12,
      1634,
      10
    ],
    [
      0,
      0,
      0,
      0,
      0,
      0,
      0,
      0,
      0,
      0,
      5,
      2,
      14,
      11,
      1,
      4,
      2,
      0,
      4,
      1707
    ]
  ],
  "classification_report": "              precision    recall  f1-score   support\n\n        0001     0.9807    0.9857    0.9832      1750\n        0002     0.9873    0.9811    0.9842      1750\n        0003     0.9678    0.9617    0.9647      1750\n        0004     0.9760    0.9760    0.9760      1750\n        0005     0.9677    0.9760    0.9718      1750\n        0006     0.9617    0.9623    0.9620      1750\n        0007     0.9567    0.9589    0.9578      1750\n        0008     0.9821    0.9731    0.9776      1750\n        0009     0.9561    0.9577    0.9569      1750\n        0010     0.9679    0.9663    0.9671      1750\n        0011     0.9751    0.9611    0.9681      1750\n        0012     0.9383    0.9480    0.9431      1750\n        0013     0.9561    0.9589    0.9575      1750\n        0014     0.9592    0.9549    0.9570      1750\n        0015     0.9512    0.9474    0.9493      1750\n        0016     0.9147    0.9194    0.9171      1750\n        0017     0.9607    0.9640    0.9624      1750\n        0018     0.9458    0.9398    0.9428      1744\n        0019     0.9295    0.9337    0.9316      1750\n        0020     0.9677    0.9754    0.9715      1750\n\n    accuracy                         0.9601     34994\n   macro avg     0.9601    0.9601    0.9601     34994\nweighted avg     0.9601    0.9601    0.9601     34994\n",
  "C": 1.0,
  "max_iter": 5000,
  "seed": 42,
  "cv_folds_requested": 10
}