{
  "language": "all",
  "dropout": 0.1,
  "input_layernorm": true,
  "n_folds": 5,
  "num_epochs": 15,
  "mean_acc": 0.7511641897136322,
  "std_acc": 0.03403605957457828,
  "mean_f1": 0.7499509136502265,
  "std_f1": 0.036959736735235144,
  "per_fold": [
    {
      "fold": 1,
      "train_speakers": [
        "16",
        "11",
        "13",
        "15",
        "12",
        "17",
        "14",
        "19",
        "8",
        "3",
        "1",
        "2",
        "10",
        "4",
        "5",
        "6"
      ],
      "val_speakers": [
        "18",
        "20",
        "7",
        "9"
      ],
      "best_val_acc": 0.7911066628538748,
      "best_val_f1": 0.794898831524008,
      "best_val_prec": 0.8185807684405051,
      "best_val_rec": 0.7910764811570906,
      "best_epoch": 13,
      "best_cm": [
        [
          887,
          354,
          101,
          1,
          55
        ],
        [
          29,
          1036,
          122,
          159,
          53
        ],
        [
          10,
          102,
          1274,
          12,
          2
        ],
        [
          0,
          115,
          72,
          1196,
          15
        ],
        [
          5,
          237,
          14,
          3,
          1140
        ]
      ],
      "best_per_class_recall": {
        "angry": 0.6344778254649499,
        "happy": 0.7405289492494639,
        "neutral": 0.91,
        "sad": 0.8555078683834049,
        "surprised": 0.8148677626876341
      },
      "epochs_trained": 15
    },
    {
      "fold": 2,
      "train_speakers": [
        "18",
        "11",
        "13",
        "15",
        "20",
        "17",
        "14",
        "19",
        "7",
        "3",
        "1",
        "2",
        "9",
        "4",
        "5",
        "6"
      ],
      "val_speakers": [
        "10",
        "12",
        "16",
        "8"
      ],
      "best_val_acc": 0.7821428571428571,
      "best_val_f1": 0.783068310150741,
      "best_val_prec": 0.8061172507613745,
      "best_val_rec": 0.7821428571428573,
      "best_epoch": 5,
      "best_cm": [
        [
          1195,
          154,
          3,
          0,
          48
        ],
        [
          51,
          1106,
          76,
          16,
          151
        ],
        [
          35,
          61,
          1291,
          6,
          7
        ],
        [
          9,
          97,
          109,
          1180,
          5
        ],
        [
          78,
          597,
          10,
          12,
          703
        ]
      ],
      "best_per_class_recall": {
        "angry": 0.8535714285714285,
        "happy": 0.79,
        "neutral": 0.9221428571428572,
        "sad": 0.8428571428571429,
        "surprised": 0.5021428571428571
      },
      "epochs_trained": 9
    },
    {
      "fold": 3,
      "train_speakers": [
        "18",
        "16",
        "13",
        "15",
        "20",
        "12",
        "14",
        "19",
        "7",
        "8",
        "1",
        "2",
        "9",
        "10",
        "5",
        "6"
      ],
      "val_speakers": [
        "11",
        "17",
        "3",
        "4"
      ],
      "best_val_acc": 0.7281428571428571,
      "best_val_f1": 0.727366341666857,
      "best_val_prec": 0.7669543939700066,
      "best_val_rec": 0.7281428571428572,
      "best_epoch": 7,
      "best_cm": [
        [
          1162,
          107,
          103,
          2,
          26
        ],
        [
          58,
          852,
          391,
          38,
          61
        ],
        [
          4,
          22,
          1320,
          53,
          1
        ],
        [
          7,
          26,
          319,
          1048,
          0
        ],
        [
          108,
          411,
          134,
          32,
          715
        ]
      ],
      "best_per_class_recall": {
        "angry": 0.83,
        "happy": 0.6085714285714285,
        "neutral": 0.9428571428571428,
        "sad": 0.7485714285714286,
        "surprised": 0.5107142857142857
      },
      "epochs_trained": 11
    },
    {
      "fold": 4,
      "train_speakers": [
        "18",
        "16",
        "11",
        "15",
        "20",
        "12",
        "17",
        "19",
        "7",
        "8",
        "3",
        "2",
        "9",
        "10",
        "4",
        "6"
      ],
      "val_speakers": [
        "1",
        "13",
        "14",
        "5"
      ],
      "best_val_acc": 0.6992857142857143,
      "best_val_f1": 0.6933668763759446,
      "best_val_prec": 0.6961761660558803,
      "best_val_rec": 0.6992857142857142,
      "best_epoch": 9,
      "best_cm": [
        [
          1147,
          126,
          52,
          3,
          72
        ],
        [
          340,
          572,
          47,
          29,
          412
        ],
        [
          15,
          119,
          1098,
          143,
          25
        ],
        [
          5,
          104,
          255,
          1011,
          25
        ],
        [
          159,
          148,
          3,
          23,
          1067
        ]
      ],
      "best_per_class_recall": {
        "angry": 0.8192857142857143,
        "happy": 0.4085714285714286,
        "neutral": 0.7842857142857143,
        "sad": 0.7221428571428572,
        "surprised": 0.7621428571428571
      },
      "epochs_trained": 13
    },
    {
      "fold": 5,
      "train_speakers": [
        "18",
        "16",
        "11",
        "13",
        "20",
        "12",
        "17",
        "14",
        "7",
        "8",
        "3",
        "1",
        "9",
        "10",
        "4",
        "5"
      ],
      "val_speakers": [
        "15",
        "19",
        "2",
        "6"
      ],
      "best_val_acc": 0.7551428571428571,
      "best_val_f1": 0.7510542085335824,
      "best_val_prec": 0.7632215840008689,
      "best_val_rec": 0.7551428571428571,
      "best_epoch": 15,
      "best_cm": [
        [
          1080,
          31,
          25,
          3,
          261
        ],
        [
          59,
          652,
          134,
          73,
          482
        ],
        [
          9,
          10,
          1355,
          22,
          4
        ],
        [
          2,
          28,
          186,
          1172,
          12
        ],
        [
          111,
          254,
          7,
          1,
          1027
        ]
      ],
      "best_per_class_recall": {
        "angry": 0.7714285714285715,
        "happy": 0.4657142857142857,
        "neutral": 0.9678571428571429,
        "sad": 0.8371428571428572,
        "surprised": 0.7335714285714285
      },
      "epochs_trained": 15
    }
  ]
}