{
  "shared_emotions": [
    "angry",
    "happy",
    "neutral",
    "sad",
    "surprised"
  ],
  "embedding_dim": 2048,
  "ravdess_n_samples": 864,
  "esd_n_samples": 34994,
  "procrustes_disparity": 0.34628693701996005,
  "cosines_before": {
    "angry": 0.017853550086657607,
    "happy": 0.028586898810733775,
    "neutral": 0.04151828656197087,
    "sad": 0.045278258598232014,
    "surprised": 0.012449190976058417
  },
  "cosines_after": {
    "angry": 0.9907789784358403,
    "happy": 0.9950635031784566,
    "neutral": 0.9847639428870125,
    "sad": 0.9897160451697962,
    "surprised": 0.9797202089491133
  },
  "results": {
    "no_adaptation": {
      "accuracy": 0.4283877236097617,
      "f1_macro": 0.3909117089373774,
      "precision_macro": 0.4723351350865725,
      "recall_macro": 0.4284058462989041,
      "confusion_matrix": [
        [
          2928,
          1657,
          0,
          91,
          2322
        ],
        [
          218,
          2292,
          10,
          713,
          3766
        ],
        [
          193,
          3380,
          47,
          1694,
          1686
        ],
        [
          27,
          764,
          85,
          4555,
          1567
        ],
        [
          153,
          1022,
          0,
          655,
          5169
        ]
      ]
    },
    "procrustes": {
      "accuracy": 0.8011087615019717,
      "f1_macro": 0.7949726059755952,
      "precision_macro": 0.8071045451273594,
      "recall_macro": 0.8011151340755021,
      "confusion_matrix": [
        [
          6518,
          361,
          107,
          0,
          12
        ],
        [
          802,
          4849,
          350,
          293,
          705
        ],
        [
          283,
          47,
          6197,
          417,
          56
        ],
        [
          49,
          15,
          80,
          6844,
          10
        ],
        [
          769,
          2541,
          17,
          46,
          3626
        ]
      ]
    },
    "oracle_esd_cv": {
      "accuracy": 0.7764473909813111,
      "f1_macro": 0.7754849713607961,
      "precision_macro": 0.7749965217466391,
      "recall_macro": 0.776449445550448
    }
  }
}